discovered_at,source_query,business_name,website,resolved_url,domain,city,state,niche,email,phone,page_title,meta_description,opportunity_score,opportunity_band,reason_flags,has_chat,has_booking,has_sms_cta,emergency_service,form_count,cta_count,personalization_line,audit_summary,subject_line,recommended_angle,status,notes
2026-04-14T00:53:24+00:00,HVAC Cincinnati OH,Expert HVAC Repair & Installation,https://renewmechanical.net/,https://renewmechanical.net/,renewmechanical.net,Cincinnati,OH,HVAC,office@renewmechanical.net,(513) 915-8539,Expert HVAC Repair & Installation | Renew Mechanical | Cincinnati,"Stay comfortable year-round with Renew Mechanical. Providing top-quality HVAC solutions, repair, and service to the tristate region.",100,Hot,high-ticket niche; no visible chat widget; no obvious booking flow; no text-first contact path; lightweight lead capture; few strong calls to action; speed matters for after-hours or urgent leads; phone-driven business likely depends on fast response,False,False,False,True,0,2,I took a quick look at Expert HVAC Repair & Installation's website and noticed there does not seem to be an instant way for leads to get a response when the team is busy.,"Expert HVAC Repair & Installation does not appear to have instant chat or after-hours lead capture on the site. The biggest opening looks like after-hours lead capture for urgent jobs and dispatch follow-up, especially for a HVAC business in Cincinnati.",Quick idea for Expert HVAC Repair & Installation's inbound leads,"high-ticket niche, no visible chat widget, no obvious booking flow",new,
2026-04-14T00:53:30+00:00,Water Damage Restoration Cincinnati OH,Cincinnati Water and Fire Damage Restoration,https://www.allclaimsrepairs.com/water-damage-restoration-cincinnati-oh/,https://www.allclaimsrepairs.com/water-damage-restoration-cincinnati-oh/,allclaimsrepairs.com,Cincinnati,OH,Water Damage Restoration,,(513) 874-3995,Cincinnati Water and Fire Damage Restoration | All Claims Repairs,"Cincinnati damage restoration company. All Claims Repairs provides water, fire and mold damage repairs for Cincinnati and nearby areas.",90,Hot,no visible chat widget; no obvious booking flow; no text-first contact path; lightweight lead capture; few strong calls to action; speed matters for after-hours or urgent leads; phone-driven business likely depends on fast response,False,False,False,True,0,1,I took a quick look at Cincinnati Water and Fire Damage Restoration's website and noticed there does not seem to be an instant way for leads to get a response when the team is busy.,"Cincinnati Water and Fire Damage Restoration does not appear to have instant chat or after-hours lead capture on the site. The biggest opening looks like after-hours lead capture for urgent jobs and dispatch follow-up, especially for a Water Damage Restoration business in Cincinnati.",Quick idea for Cincinnati Water and Fire Damage Restoration's inbound leads,"no visible chat widget, no obvious booking flow, no text-first contact path",new,
2026-04-14T00:53:28+00:00,Water Damage Restoration Cincinnati OH,Cincy Water Damage Restoration,https://cincywaterdamagerestoration.com/,https://cincywaterdamagerestoration.com/,cincywaterdamagerestoration.com,Cincinnati,OH,Water Damage Restoration,,1733252135,Cincy Water Damage Restoration,,74,Hot,no visible chat widget; no text-first contact path; lightweight lead capture; few strong calls to action; speed matters for after-hours or urgent leads; phone-driven business likely depends on fast response,False,True,False,True,1,1,I took a quick look at Cincy Water Damage Restoration's website and noticed there does not seem to be an instant way for leads to get a response when the team is busy.,"Cincy Water Damage Restoration does not appear to have instant chat or after-hours lead capture on the site. The biggest opening looks like after-hours lead capture for urgent jobs and dispatch follow-up, especially for a Water Damage Restoration business in Cincinnati.",Quick idea for Cincy Water Damage Restoration's inbound leads,"no visible chat widget, no text-first contact path, lightweight lead capture",new,
2026-04-14T00:47:28+00:00,Roofing Cincinnati OH,"Roof Repairs & Roof Replacements in Hamilton, Cincinnati, West Chester",https://www.krscincy.com/,https://www.krscincy.com/,krscincy.com,Cincinnati,OH,Roofing,logo@2x.png,1-513-583-6389,"Roof Repairs & Roof Replacements in Hamilton, Cincinnati, West Chester | Gutter Installations in Ohio and Kentucky","Trust Cincinnati's roofing experts to increase your home's safety and curb appeal. Schedule a free estimate for roof repairs, replacements, gutter installation, and more!",72,Hot,high-ticket niche; no visible chat widget; no text-first contact path; lightweight lead capture; speed matters for after-hours or urgent leads; phone-driven business likely depends on fast response,False,True,False,True,0,7,"I took a quick look at Roof Repairs & Roof Replacements in Hamilton, Cincinnati, West Chester's website and noticed there does not seem to be an instant way for leads to get a response when the team is busy.","Roof Repairs & Roof Replacements in Hamilton, Cincinnati, West Chester does not appear to have instant chat or after-hours lead capture on the site. The biggest opening looks like after-hours lead capture for urgent jobs and dispatch follow-up, especially for a Roofing business in Cincinnati.","Quick idea for Roof Repairs & Roof Replacements in Hamilton, Cincinnati, West Chester's inbound leads","high-ticket niche, no visible chat widget, no text-first contact path",new,
2026-04-14T00:53:23+00:00,HVAC Cincinnati OH,"HVAC Contractor Cincinnati, OH",https://cincinnatiheatingandcooling.com/,https://cincinnatiheatingandcooling.com/,cincinnatiheatingandcooling.com,Cincinnati,OH,HVAC,office@airpluscincinnati.com,+1-513-769-0871,"HVAC Contractor Cincinnati, OH | Heating And Air Conditioning Repair & Installation | Furnace Installation & Replacement","Need reliable HVAC services in Cincinnati, OH? Air Plus Heating & Cooling offers expert heating, air conditioning, and furnace solutions. Call us today!",72,Hot,high-ticket niche; no visible chat widget; no text-first contact path; lightweight lead capture; speed matters for after-hours or urgent leads; phone-driven business likely depends on fast response,False,True,False,True,0,9,"I took a quick look at HVAC Contractor Cincinnati, OH's website and noticed there does not seem to be an instant way for leads to get a response when the team is busy.","HVAC Contractor Cincinnati, OH does not appear to have instant chat or after-hours lead capture on the site. The biggest opening looks like after-hours lead capture for urgent jobs and dispatch follow-up, especially for a HVAC business in Cincinnati.","Quick idea for HVAC Contractor Cincinnati, OH's inbound leads","high-ticket niche, no visible chat widget, no text-first contact path",new,
2026-04-14T00:47:27+00:00,Roofing Cincinnati OH,Trusted Roofing & Gutter Excellence,https://www.molloyroofing.com/,https://www.molloyroofing.com/,molloyroofing.com,Cincinnati,OH,Roofing,,10005423648,"Trusted Roofing & Gutter Excellence | Cincinnati Since 1900 | Molloy Roofing Company – Trusted Roofing & Gutter Excellence for Residential, Commercial & Multi-Family Properties in Greater Cincinnati Since 1900",,64,Warm,high-ticket niche; no visible chat widget; no text-first contact path; lightweight lead capture; phone-driven business likely depends on fast response,False,True,False,False,1,5,I took a quick look at Trusted Roofing & Gutter Excellence's website and noticed there does not seem to be an instant way for leads to get a response when the team is busy.,"Trusted Roofing & Gutter Excellence does not appear to have instant chat or after-hours lead capture on the site. The biggest opening looks like missed-call text-back and website lead qualification, especially for a Roofing business in Cincinnati.",Quick idea for Trusted Roofing & Gutter Excellence's inbound leads,"high-ticket niche, no visible chat widget, no text-first contact path",new,
2026-04-14T00:47:23+00:00,Roofing Cincinnati OH,#1 Cincinnati Roofing Company,https://www.deerparkroofing.com/,https://www.deerparkroofing.com/,deerparkroofing.com,Cincinnati,OH,Roofing,glara@roofingcorp.com,16003709187,#1 Cincinnati Roofing Company | Deer Park Roofing - Protect What’s Important®,"Cincinnati Roofing Contractor providing commercial roofing, residential roofing, roof repair and box gutters in Cincinnati, Mason and West Chester",64,Warm,high-ticket niche; no visible chat widget; no text-first contact path; lightweight lead capture; phone-driven business likely depends on fast response,False,True,False,False,1,4,I took a quick look at #1 Cincinnati Roofing Company's website and noticed there does not seem to be an instant way for leads to get a response when the team is busy.,"#1 Cincinnati Roofing Company does not appear to have instant chat or after-hours lead capture on the site. The biggest opening looks like missed-call text-back and website lead qualification, especially for a Roofing business in Cincinnati.",Quick idea for #1 Cincinnati Roofing Company's inbound leads,"high-ticket niche, no visible chat widget, no text-first contact path",new,
2026-04-14T00:47:31+00:00,Plumbing Cincinnati OH,Plumbing Services,https://www.neyerplumbing.com/plumber,https://www.neyerplumbing.com/plumber,neyerplumbing.com,Cincinnati,OH,Plumbing,,16715902183,"Plumbing Services | Cincinnati, OH | Commercial Plumbers","Are you in need of a plumber in Cincinnati, OH or the surrounding area? Call up the professionals at Ken Neyer Plumbing, Inc. for plumbing services including installation, repair and maintenance. We do it all!",60,Warm,high-ticket niche; no visible chat widget; no text-first contact path; speed matters for after-hours or urgent leads; phone-driven business likely depends on fast response,False,True,False,True,3,5,I took a quick look at Plumbing Services's website and noticed there does not seem to be an instant way for leads to get a response when the team is busy.,"Plumbing Services does not appear to have instant chat or after-hours lead capture on the site. The biggest opening looks like after-hours lead capture for urgent jobs and dispatch follow-up, especially for a Plumbing business in Cincinnati.",Quick idea for Plumbing Services's inbound leads,"high-ticket niche, no visible chat widget, no text-first contact path",new,
2026-04-14T00:53:31+00:00,Water Damage Restoration Cincinnati OH,Cincinnati Water Damage Restoration,https://iconpropertyrescue.com/water-damage-cincinnati-oh/,https://iconpropertyrescue.com/water-damage-cincinnati-oh/,iconpropertyrescue.com,Cincinnati,OH,Water Damage Restoration,,(513) 426-6911,Cincinnati Water Damage Restoration | Icon Property Rescue,"Schedule fast, effective, and affordable water damage restoration in Cincinnati, OH, or nearby areas by calling 513-426-6911 us today!",60,Warm,no visible chat widget; no text-first contact path; lightweight lead capture; speed matters for after-hours or urgent leads; phone-driven business likely depends on fast response,False,True,False,True,1,3,I took a quick look at Cincinnati Water Damage Restoration's website and noticed there does not seem to be an instant way for leads to get a response when the team is busy.,"Cincinnati Water Damage Restoration does not appear to have instant chat or after-hours lead capture on the site. The biggest opening looks like after-hours lead capture for urgent jobs and dispatch follow-up, especially for a Water Damage Restoration business in Cincinnati.",Quick idea for Cincinnati Water Damage Restoration's inbound leads,"no visible chat widget, no text-first contact path, lightweight lead capture",new,
2026-04-14T00:47:30+00:00,Plumbing Cincinnati OH,Cincinnati Plumbing Services,https://thomasgalbraith.com/plumbing/,https://thomasgalbraith.com/plumbing/,thomasgalbraith.com,Cincinnati,OH,Plumbing,,(513) 327-2578,Cincinnati Plumbing Services - Thomas & Galbraith,"Thomas & Galbraith Heating, Cooling & Plumbing plumbers are ready to make your kitchen and bathroom dreams come true.",60,Warm,high-ticket niche; no visible chat widget; no text-first contact path; speed matters for after-hours or urgent leads; phone-driven business likely depends on fast response,False,True,False,True,2,10,I took a quick look at Cincinnati Plumbing Services's website and noticed there does not seem to be an instant way for leads to get a response when the team is busy.,"Cincinnati Plumbing Services does not appear to have instant chat or after-hours lead capture on the site. The biggest opening looks like after-hours lead capture for urgent jobs and dispatch follow-up, especially for a Plumbing business in Cincinnati.",Quick idea for Cincinnati Plumbing Services's inbound leads,"high-ticket niche, no visible chat widget, no text-first contact path",new,
2026-04-14T00:53:20+00:00,HVAC Cincinnati OH,"HVAC, Plumbing, & Electrical Services in Cincinnati & Dayton, OH",https://apollohome.com/,https://apollohome.com/,apollohome.com,Cincinnati,OH,HVAC,chosen-sprite@2x.png,(513) 223-3957,"HVAC, Plumbing, & Electrical Services in Cincinnati & Dayton, OH","Apollo Home offers a full line of home services to boost comfort, efficiency, & reliability. Call us today if you are in Cincinnati or Northern Kentucky!",36,Cool,high-ticket niche; no text-first contact path; speed matters for after-hours or urgent leads; phone-driven business likely depends on fast response,True,True,False,True,2,12,"I took a quick look at HVAC, Plumbing, & Electrical Services in Cincinnati & Dayton, OH's website and noticed there does not seem to be an instant way for leads to get a response when the team is busy.","HVAC, Plumbing, & Electrical Services in Cincinnati & Dayton, OH already has the basics online, but there is room to tighten lead response. The biggest opening looks like after-hours lead capture for urgent jobs and dispatch follow-up, especially for a HVAC business in Cincinnati.","Quick idea for HVAC, Plumbing, & Electrical Services in Cincinnati & Dayton, OH's inbound leads","high-ticket niche, no text-first contact path, speed matters for after-hours or urgent leads",new,
